account_id,company_name,industry,region,account_tier,service_model,annual_revenue_usd,delivery_cost_usd,growth_potential_pct,client_satisfaction_100,renewal_probability_pct,outsourcing_share_pct,value_added_service_revenue_usd,gross_profit_usd,gross_margin_pct,estimated_growth_value_usd,outsourced_revenue_usd,churn_risk
ACCT-0088,Client Company 088,Financial Services,Middle East,Core,Managed Services,343100.0,210600.0,0.299,68,68.1,28.3,21700.0,132500.0,38.6,102600.0,97100.0,Medium
ACCT-0037,Client Company 037,Travel & Hospitality,North America,Growth,Hybrid Outsourcing,234600.0,147600.0,0.213,69,74.1,32.7,30400.0,87000.0,37.1,50000.0,76700.0,Medium
ACCT-0025,Client Company 025,Telecommunications,Middle East,Growth,Staff Augmentation,221400.0,128900.0,0.047,68,72.1,28.8,28300.0,92500.0,41.8,10400.0,63800.0,Medium
ACCT-0022,Client Company 022,Financial Services,Europe,Growth,Project Delivery,219500.0,127900.0,0.257,76,67.8,53.3,14100.0,91600.0,41.7,56400.0,117000.0,Medium
ACCT-0013,Client Company 013,Telecommunications,North America,Growth,Hybrid Outsourcing,218700.0,144000.0,0.07,86,61.9,15.4,27600.0,74700.0,34.2,15300.0,33700.0,Medium
ACCT-0057,Client Company 057,Retail,India,Growth,Staff Augmentation,201200.0,171400.0,0.161,83,89.1,18.2,28600.0,29800.0,14.8,32400.0,36600.0,Low
ACCT-0091,Client Company 091,Retail,Europe,Core,Hybrid Outsourcing,199400.0,139100.0,0.137,84,78.4,13.9,7600.0,60300.0,30.2,27300.0,27700.0,Low
ACCT-0043,Client Company 043,Manufacturing,Asia Pacific,Growth,Managed Services,186000.0,129600.0,0.238,87,93.5,89.6,31600.0,56400.0,30.3,44300.0,166700.0,Low
ACCT-0078,Client Company 078,Healthcare,North America,Core,Hybrid Outsourcing,181900.0,110700.0,0.314,85,71.9,49.2,32700.0,71200.0,39.1,57100.0,89500.0,Low
ACCT-0062,Client Company 062,Telecommunications,North America,Core,Managed Services,181100.0,107100.0,0.164,87,81.9,51.3,12000.0,74000.0,40.9,29700.0,92900.0,Low
ACCT-0005,Client Company 005,Retail,Middle East,Strategic,Staff Augmentation,180500.0,141600.0,0.048,80,79.4,89.8,22300.0,38900.0,21.6,8700.0,162100.0,Low
ACCT-0084,Client Company 084,Telecommunications,India,Strategic,Managed Services,162200.0,141600.0,0.298,87,85.9,35.8,28700.0,20600.0,12.7,48300.0,58100.0,Low
ACCT-0094,Client Company 094,Financial Services,Asia Pacific,Core,Managed Services,159900.0,111800.0,0.268,87,82.9,22.0,14000.0,48100.0,30.1,42900.0,35200.0,Low
ACCT-0020,Client Company 020,Retail,Asia Pacific,Strategic,Staff Augmentation,158700.0,131400.0,0.092,82,87.4,86.7,20100.0,27300.0,17.2,14600.0,137600.0,Low
ACCT-0023,Client Company 023,Healthcare,Europe,Core,Hybrid Outsourcing,144800.0,127200.0,0.344,77,79.3,32.8,6100.0,17600.0,12.2,49800.0,47500.0,Low
ACCT-0035,Client Company 035,Travel & Hospitality,Asia Pacific,Strategic,Hybrid Outsourcing,144100.0,114100.0,0.281,68,62.9,22.4,25400.0,30000.0,20.8,40500.0,32300.0,Medium
ACCT-0051,Client Company 051,Telecommunications,North America,Growth,Project Delivery,142400.0,107400.0,0.119,69,68.3,62.2,23600.0,35000.0,24.6,16900.0,88600.0,Medium
ACCT-0067,Client Company 067,Travel & Hospitality,North America,Growth,Staff Augmentation,133400.0,108900.0,0.255,97,93.8,14.8,20100.0,24500.0,18.4,34000.0,19700.0,Low
ACCT-0075,Client Company 075,Manufacturing,Middle East,Strategic,Hybrid Outsourcing,126700.0,81700.0,0.145,88,69.6,79.0,18200.0,45000.0,35.5,18400.0,100100.0,Medium
ACCT-0031,Client Company 031,Retail,Middle East,Core,Hybrid Outsourcing,125800.0,87200.0,0.059,100,90.2,62.3,14800.0,38600.0,30.7,7400.0,78400.0,Low
ACCT-0015,Client Company 015,Telecommunications,India,Growth,Staff Augmentation,114400.0,70100.0,0.268,92,79.6,11.4,8300.0,44300.0,38.7,30700.0,13000.0,Low
ACCT-0085,Client Company 085,Manufacturing,Asia Pacific,Strategic,Hybrid Outsourcing,113800.0,66700.0,0.188,84,93.4,29.4,3500.0,47100.0,41.4,21400.0,33500.0,Low
ACCT-0064,Client Company 064,Travel & Hospitality,India,Growth,Managed Services,113000.0,92700.0,0.102,66,74.4,14.1,12900.0,20300.0,18.0,11500.0,15900.0,Medium
ACCT-0082,Client Company 082,Retail,Middle East,Core,Managed Services,112800.0,92300.0,0.286,72,89.8,77.3,13400.0,20500.0,18.2,32300.0,87200.0,Low
ACCT-0086,Client Company 086,Manufacturing,Europe,Growth,Managed Services,112600.0,86300.0,0.067,60,64.2,48.4,4700.0,26300.0,23.4,7500.0,54500.0,Medium
ACCT-0120,Client Company 120,Technology,India,Strategic,Project Delivery,111500.0,94400.0,0.347,100,94.8,35.5,4800.0,17100.0,15.3,38700.0,39600.0,Low
ACCT-0027,Client Company 027,Financial Services,North America,Growth,Project Delivery,111400.0,93800.0,0.044,86,80.7,82.7,5800.0,17600.0,15.8,4900.0,92100.0,Low
ACCT-0115,Client Company 115,Retail,Asia Pacific,Core,Staff Augmentation,110800.0,96000.0,0.083,67,75.2,46.4,7900.0,14800.0,13.4,9200.0,51400.0,Medium
ACCT-0066,Client Company 066,Financial Services,Asia Pacific,Core,Managed Services,110200.0,66800.0,0.211,82,86.1,40.8,6100.0,43400.0,39.4,23300.0,45000.0,Low
ACCT-0033,Client Company 033,Technology,Middle East,Strategic,Hybrid Outsourcing,107700.0,93100.0,0.344,76,75.3,29.3,12900.0,14600.0,13.6,37000.0,31600.0,Low
ACCT-0109,Client Company 109,Retail,Asia Pacific,Core,Hybrid Outsourcing,105900.0,84400.0,0.154,100,95.0,59.5,13500.0,21500.0,20.3,16300.0,63000.0,Low
ACCT-0036,Client Company 036,Technology,India,Core,Managed Services,105200.0,71600.0,0.234,65,70.0,79.9,8800.0,33600.0,31.9,24600.0,84100.0,Medium
ACCT-0038,Client Company 038,Telecommunications,Asia Pacific,Core,Managed Services,103600.0,90600.0,0.076,78,71.2,54.9,2500.0,13000.0,12.5,7900.0,56900.0,Low
ACCT-0107,Client Company 107,Telecommunications,Middle East,Strategic,Project Delivery,101400.0,66300.0,0.25,52,59.3,10.4,8900.0,35100.0,34.6,25400.0,10500.0,High
ACCT-0044,Client Company 044,Financial Services,Asia Pacific,Strategic,Hybrid Outsourcing,96600.0,69000.0,0.331,77,60.4,64.0,15100.0,27600.0,28.6,32000.0,61800.0,Medium
ACCT-0052,Client Company 052,Healthcare,North America,Growth,Managed Services,94500.0,68600.0,0.128,81,81.6,86.4,15900.0,25900.0,27.4,12100.0,81600.0,Low
ACCT-0060,Client Company 060,Manufacturing,Asia Pacific,Core,Managed Services,93300.0,63000.0,0.131,76,79.4,15.2,5500.0,30300.0,32.5,12200.0,14200.0,Low
ACCT-0021,Client Company 021,Retail,Middle East,Growth,Managed Services,92700.0,67500.0,0.117,77,70.0,70.2,3800.0,25200.0,27.2,10800.0,65100.0,Low
ACCT-0087,Client Company 087,Technology,India,Strategic,Managed Services,90700.0,60200.0,0.053,85,73.2,64.7,13300.0,30500.0,33.6,4800.0,58700.0,Low
ACCT-0111,Client Company 111,Healthcare,Asia Pacific,Strategic,Hybrid Outsourcing,89100.0,73400.0,0.033,58,50.5,71.8,13000.0,15700.0,17.6,2900.0,64000.0,High
ACCT-0100,Client Company 100,Technology,Middle East,Growth,Managed Services,88700.0,74600.0,0.222,82,70.7,12.5,16000.0,14100.0,15.9,19700.0,11100.0,Low
ACCT-0117,Client Company 117,Technology,India,Growth,Project Delivery,88500.0,52400.0,0.347,85,95.6,88.8,13100.0,36100.0,40.8,30700.0,78600.0,Low
ACCT-0106,Client Company 106,Telecommunications,Europe,Core,Hybrid Outsourcing,84500.0,71900.0,0.13,68,56.7,78.0,7900.0,12600.0,14.9,11000.0,65900.0,Medium
ACCT-0099,Client Company 099,Manufacturing,Asia Pacific,Core,Hybrid Outsourcing,83300.0,63500.0,0.079,79,68.9,25.1,14900.0,19800.0,23.8,6600.0,20900.0,Medium
ACCT-0024,Client Company 024,Travel & Hospitality,Asia Pacific,Growth,Hybrid Outsourcing,83200.0,72800.0,0.226,81,66.0,81.8,5400.0,10400.0,12.5,18800.0,68100.0,Medium
ACCT-0026,Client Company 026,Manufacturing,Middle East,Growth,Staff Augmentation,83200.0,58600.0,0.227,87,83.5,36.0,13800.0,24600.0,29.6,18900.0,30000.0,Low
ACCT-0056,Client Company 056,Technology,Asia Pacific,Strategic,Managed Services,81700.0,61900.0,0.162,76,78.3,86.8,11600.0,19800.0,24.2,13200.0,70900.0,Low
ACCT-0074,Client Company 074,Technology,Europe,Core,Staff Augmentation,79800.0,52700.0,0.23,73,43.4,19.0,3400.0,27100.0,34.0,18400.0,15200.0,High
ACCT-0063,Client Company 063,Financial Services,Asia Pacific,Growth,Managed Services,78900.0,65200.0,0.182,100,99.0,35.0,4800.0,13700.0,17.4,14400.0,27600.0,Low
ACCT-0012,Client Company 012,Travel & Hospitality,Asia Pacific,Core,Hybrid Outsourcing,76600.0,51100.0,0.095,62,61.2,39.2,9600.0,25500.0,33.3,7300.0,30000.0,Medium
ACCT-0050,Client Company 050,Telecommunications,North America,Core,Hybrid Outsourcing,75700.0,44300.0,0.073,82,94.1,18.2,4500.0,31400.0,41.5,5500.0,13800.0,Low
ACCT-0054,Client Company 054,Retail,India,Core,Staff Augmentation,75200.0,48200.0,0.226,94,88.3,44.6,13300.0,27000.0,35.9,17000.0,33500.0,Low
ACCT-0009,Client Company 009,Healthcare,Asia Pacific,Strategic,Hybrid Outsourcing,74800.0,65400.0,0.253,69,60.9,83.2,3000.0,9400.0,12.6,18900.0,62200.0,Medium
ACCT-0101,Client Company 101,Telecommunications,North America,Growth,Managed Services,73700.0,61300.0,0.068,72,80.7,18.9,7600.0,12400.0,16.8,5000.0,13900.0,Low
ACCT-0070,Client Company 070,Retail,Europe,Growth,Project Delivery,73300.0,45200.0,0.131,99,88.4,34.2,1600.0,28100.0,38.3,9600.0,25100.0,Low
ACCT-0069,Client Company 069,Technology,Europe,Core,Project Delivery,71400.0,47100.0,0.239,82,81.4,26.6,3300.0,24300.0,34.0,17100.0,19000.0,Low
ACCT-0068,Client Company 068,Financial Services,Europe,Strategic,Project Delivery,71300.0,52700.0,0.237,66,77.1,65.9,11200.0,18600.0,26.1,16900.0,47000.0,Medium
ACCT-0110,Client Company 110,Manufacturing,North America,Strategic,Hybrid Outsourcing,71100.0,58300.0,0.235,75,79.1,23.0,5400.0,12800.0,18.0,16700.0,16400.0,Low
ACCT-0081,Client Company 081,Travel & Hospitality,Europe,Core,Project Delivery,69700.0,59200.0,0.196,72,68.0,72.4,6100.0,10500.0,15.1,13700.0,50500.0,Medium
ACCT-0114,Client Company 114,Retail,India,Growth,Hybrid Outsourcing,69400.0,55700.0,0.082,77,71.6,83.5,6000.0,13700.0,19.7,5700.0,57900.0,Low
ACCT-0008,Client Company 008,Manufacturing,India,Strategic,Project Delivery,68300.0,53000.0,0.277,75,64.6,41.4,6200.0,15300.0,22.4,18900.0,28300.0,Medium
ACCT-0004,Client Company 004,Retail,Asia Pacific,Growth,Hybrid Outsourcing,67100.0,50700.0,0.302,95,88.2,56.0,5800.0,16400.0,24.4,20300.0,37600.0,Low
ACCT-0108,Client Company 108,Manufacturing,Asia Pacific,Growth,Managed Services,66400.0,40900.0,0.256,97,95.7,78.3,1900.0,25500.0,38.4,17000.0,52000.0,Low
ACCT-0093,Client Company 093,Telecommunications,India,Strategic,Staff Augmentation,64900.0,49100.0,0.13,65,74.2,66.9,3100.0,15800.0,24.3,8400.0,43400.0,Medium
ACCT-0055,Client Company 055,Retail,India,Strategic,Project Delivery,63200.0,45800.0,0.233,93,87.0,12.9,8800.0,17400.0,27.5,14700.0,8200.0,Low
ACCT-0029,Client Company 029,Retail,Middle East,Growth,Staff Augmentation,62900.0,38700.0,0.257,85,76.2,69.4,8300.0,24200.0,38.5,16200.0,43700.0,Low
ACCT-0104,Client Company 104,Technology,Europe,Core,Managed Services,62400.0,37000.0,0.349,74,76.8,55.5,11000.0,25400.0,40.7,21800.0,34600.0,Low
ACCT-0047,Client Company 047,Retail,Europe,Core,Hybrid Outsourcing,61400.0,40700.0,0.159,81,79.3,73.0,6000.0,20700.0,33.7,9800.0,44800.0,Low
ACCT-0083,Client Company 083,Healthcare,Asia Pacific,Growth,Staff Augmentation,60400.0,39700.0,0.131,85,81.2,30.8,10200.0,20700.0,34.3,7900.0,18600.0,Low
ACCT-0017,Client Company 017,Retail,India,Core,Managed Services,57200.0,48200.0,0.302,70,67.1,60.8,8300.0,9000.0,15.7,17300.0,34800.0,Medium
ACCT-0040,Client Company 040,Manufacturing,India,Core,Project Delivery,56900.0,46100.0,0.126,80,86.9,72.7,9100.0,10800.0,19.0,7200.0,41400.0,Low
ACCT-0002,Client Company 002,Telecommunications,India,Core,Hybrid Outsourcing,55400.0,38800.0,0.286,94,85.9,42.6,5600.0,16600.0,30.0,15800.0,23600.0,Low
ACCT-0119,Client Company 119,Healthcare,Europe,Strategic,Project Delivery,54800.0,40100.0,0.299,87,81.8,75.1,8900.0,14700.0,26.8,16400.0,41200.0,Low
ACCT-0077,Client Company 077,Financial Services,Europe,Growth,Project Delivery,54500.0,46200.0,0.266,59,66.3,50.7,4500.0,8300.0,15.2,14500.0,27600.0,High
ACCT-0072,Client Company 072,Healthcare,India,Growth,Staff Augmentation,53600.0,38900.0,0.206,65,43.4,43.3,7900.0,14700.0,27.4,11000.0,23200.0,High
ACCT-0073,Client Company 073,Retail,India,Strategic,Hybrid Outsourcing,53400.0,35100.0,0.168,74,76.3,10.1,8200.0,18300.0,34.3,9000.0,5400.0,Low
ACCT-0113,Client Company 113,Retail,North America,Core,Managed Services,52300.0,38700.0,0.198,76,72.3,30.3,7900.0,13600.0,26.0,10400.0,15800.0,Low
ACCT-0034,Client Company 034,Retail,Europe,Growth,Hybrid Outsourcing,51900.0,36400.0,0.177,71,62.5,35.8,3700.0,15500.0,29.9,9200.0,18600.0,Medium
ACCT-0089,Client Company 089,Telecommunications,Europe,Strategic,Project Delivery,51300.0,39100.0,0.048,82,78.8,36.5,8300.0,12200.0,23.8,2500.0,18700.0,Low
ACCT-0007,Client Company 007,Technology,North America,Growth,Staff Augmentation,50100.0,43600.0,0.327,96,80.2,57.6,4300.0,6500.0,13.0,16400.0,28900.0,Low
ACCT-0003,Client Company 003,Manufacturing,India,Strategic,Staff Augmentation,49600.0,40400.0,0.106,74,72.5,20.9,8200.0,9200.0,18.5,5300.0,10400.0,Low
ACCT-0118,Client Company 118,Technology,Asia Pacific,Core,Hybrid Outsourcing,49100.0,33600.0,0.208,63,75.9,38.9,4800.0,15500.0,31.6,10200.0,19100.0,Medium
ACCT-0001,Client Company 001,Technology,Asia Pacific,Growth,Staff Augmentation,48100.0,30800.0,0.224,77,75.3,33.7,6500.0,17300.0,36.0,10800.0,16200.0,Low
ACCT-0028,Client Company 028,Telecommunications,Europe,Growth,Managed Services,47900.0,29300.0,0.313,83,92.5,52.4,5100.0,18600.0,38.8,15000.0,25100.0,Low
ACCT-0016,Client Company 016,Telecommunications,Europe,Strategic,Staff Augmentation,46800.0,32800.0,0.232,53,53.7,46.3,2400.0,14000.0,29.9,10900.0,21700.0,High
ACCT-0019,Client Company 019,Telecommunications,Europe,Core,Hybrid Outsourcing,46600.0,31300.0,0.265,70,67.9,43.6,2800.0,15300.0,32.8,12300.0,20300.0,Medium
ACCT-0010,Client Company 010,Technology,India,Growth,Project Delivery,45300.0,37600.0,0.298,74,75.6,49.8,1600.0,7700.0,17.0,13500.0,22600.0,Low
ACCT-0116,Client Company 116,Retail,India,Core,Hybrid Outsourcing,44600.0,32800.0,0.298,85,93.0,58.3,6200.0,11800.0,26.5,13300.0,26000.0,Low
ACCT-0092,Client Company 092,Telecommunications,India,Growth,Staff Augmentation,42500.0,30000.0,0.085,70,64.5,46.9,6500.0,12500.0,29.4,3600.0,19900.0,Medium
ACCT-0105,Client Company 105,Telecommunications,India,Growth,Staff Augmentation,42000.0,33900.0,0.277,94,91.4,57.2,3000.0,8100.0,19.3,11600.0,24000.0,Low
ACCT-0042,Client Company 042,Telecommunications,India,Core,Managed Services,40600.0,32600.0,0.254,89,88.3,48.1,3700.0,8000.0,19.7,10300.0,19500.0,Low
ACCT-0065,Client Company 065,Financial Services,Asia Pacific,Core,Hybrid Outsourcing,39000.0,24300.0,0.213,70,72.1,18.9,3300.0,14700.0,37.7,8300.0,7400.0,Medium
ACCT-0059,Client Company 059,Telecommunications,Middle East,Core,Project Delivery,38400.0,29200.0,0.218,66,70.0,29.7,3600.0,9200.0,24.0,8400.0,11400.0,Medium
ACCT-0049,Client Company 049,Manufacturing,Europe,Growth,Hybrid Outsourcing,36200.0,23600.0,0.068,78,74.8,55.0,2700.0,12600.0,34.8,2500.0,19900.0,Low
ACCT-0030,Client Company 030,Retail,North America,Strategic,Managed Services,35500.0,25500.0,0.085,82,95.5,57.3,6100.0,10000.0,28.2,3000.0,20300.0,Low
ACCT-0045,Client Company 045,Technology,Asia Pacific,Growth,Staff Augmentation,35400.0,26900.0,0.078,72,69.3,75.2,2500.0,8500.0,24.0,2800.0,26600.0,Medium
ACCT-0112,Client Company 112,Telecommunications,Middle East,Growth,Hybrid Outsourcing,35300.0,25500.0,0.097,76,77.4,78.4,5400.0,9800.0,27.8,3400.0,27700.0,Low
ACCT-0079,Client Company 079,Retail,Europe,Strategic,Hybrid Outsourcing,34300.0,21300.0,0.325,73,66.9,36.6,1700.0,13000.0,37.9,11100.0,12600.0,Medium
ACCT-0098,Client Company 098,Manufacturing,North America,Strategic,Project Delivery,33000.0,25300.0,0.149,74,78.2,10.7,4100.0,7700.0,23.3,4900.0,3500.0,Low
ACCT-0080,Client Company 080,Manufacturing,Middle East,Growth,Hybrid Outsourcing,32300.0,20700.0,0.191,93,97.9,44.5,1400.0,11600.0,35.9,6200.0,14400.0,Low
ACCT-0071,Client Company 071,Telecommunications,India,Core,Hybrid Outsourcing,31300.0,24000.0,0.282,61,66.6,41.5,2300.0,7300.0,23.3,8800.0,13000.0,Medium
ACCT-0046,Client Company 046,Travel & Hospitality,Middle East,Growth,Staff Augmentation,28000.0,18900.0,0.193,85,74.3,82.2,3000.0,9100.0,32.5,5400.0,23000.0,Low
ACCT-0018,Client Company 018,Technology,North America,Growth,Staff Augmentation,27200.0,22800.0,0.08,60,63.5,37.5,4300.0,4400.0,16.2,2200.0,10200.0,Medium
ACCT-0076,Client Company 076,Retail,North America,Strategic,Project Delivery,27100.0,19200.0,0.194,82,82.7,10.1,1000.0,7900.0,29.2,5300.0,2700.0,Low
ACCT-0041,Client Company 041,Healthcare,Middle East,Strategic,Staff Augmentation,24900.0,15400.0,0.215,71,82.6,45.1,2900.0,9500.0,38.2,5400.0,11200.0,Medium
ACCT-0032,Client Company 032,Healthcare,Europe,Core,Project Delivery,24700.0,19700.0,0.089,78,65.9,34.0,1500.0,5000.0,20.2,2200.0,8400.0,Medium
ACCT-0048,Client Company 048,Travel & Hospitality,North America,Core,Managed Services,24000.0,17000.0,0.182,63,60.8,24.8,2900.0,7000.0,29.2,4400.0,6000.0,Medium
ACCT-0096,Client Company 096,Financial Services,Europe,Core,Staff Augmentation,23400.0,17300.0,0.295,72,71.0,21.1,2300.0,6100.0,26.1,6900.0,4900.0,Low
ACCT-0102,Client Company 102,Healthcare,Asia Pacific,Growth,Hybrid Outsourcing,20800.0,14000.0,0.147,84,77.2,59.6,700.0,6800.0,32.7,3100.0,12400.0,Low
ACCT-0014,Client Company 014,Telecommunications,Asia Pacific,Growth,Project Delivery,19000.0,14900.0,0.191,73,58.9,26.2,400.0,4100.0,21.6,3600.0,5000.0,Medium
ACCT-0039,Client Company 039,Healthcare,Asia Pacific,Core,Staff Augmentation,18400.0,12900.0,0.333,83,87.7,73.4,1500.0,5500.0,29.9,6100.0,13500.0,Low
ACCT-0061,Client Company 061,Travel & Hospitality,Middle East,Core,Project Delivery,18300.0,15300.0,0.042,67,59.0,46.4,2300.0,3000.0,16.4,800.0,8500.0,Medium
ACCT-0097,Client Company 097,Healthcare,North America,Strategic,Hybrid Outsourcing,18000.0,14800.0,0.304,95,90.2,83.5,2300.0,3200.0,17.8,5500.0,15000.0,Low
ACCT-0095,Client Company 095,Travel & Hospitality,India,Core,Managed Services,18000.0,10800.0,0.035,82,76.8,13.8,2000.0,7200.0,40.0,600.0,2500.0,Low
ACCT-0011,Client Company 011,Retail,Asia Pacific,Strategic,Hybrid Outsourcing,16000.0,10600.0,0.043,84,90.4,20.7,2000.0,5400.0,33.8,700.0,3300.0,Low
ACCT-0090,Client Company 090,Telecommunications,India,Growth,Project Delivery,13300.0,10400.0,0.12,63,54.4,84.4,1700.0,2900.0,21.8,1600.0,11200.0,High
ACCT-0058,Client Company 058,Healthcare,North America,Core,Managed Services,12700.0,7800.0,0.1,52,70.6,13.3,1200.0,4900.0,38.6,1300.0,1700.0,High
ACCT-0053,Client Company 053,Financial Services,India,Growth,Managed Services,10700.0,9400.0,0.167,63,63.5,51.0,1700.0,1300.0,12.1,1800.0,5500.0,Medium
ACCT-0103,Client Company 103,Telecommunications,India,Core,Managed Services,10600.0,8200.0,0.337,73,61.2,29.3,1400.0,2400.0,22.6,3600.0,3100.0,Medium
ACCT-0006,Client Company 006,Travel & Hospitality,Asia Pacific,Growth,Managed Services,8700.0,7500.0,0.286,82,86.6,66.1,700.0,1200.0,13.8,2500.0,5800.0,Low
